{
  "demand_mae": 57.98428726196289,
  "stress_mae": 0.2966236174106598,
  "stress_r2": -20.53873634338379,
  "osi_pred_std": 1.2007532362984625e-24
}