{
  "model": "S2",
  "checkpoint": "/Users/mehnafiz/Documents/SEMESTER/Research Paper/Gomes Sir/FInal_DL/Bangladesh_SmartGrid_STGT/experiments/experiment_03_ablation_studies/checkpoints/A6/seed_42/best.pt",
  "device": "mps",
  "global_stress_shap": {
    "G1": 0.004161977997864596,
    "G3": 0.001381813109765062,
    "G5": 0.004610896395752207,
    "G6": 0.018992365803569555,
    "G7": 0.008698214060859754,
    "G8": 0.01910967470612377,
    "G10": 0.008188049774616957,
    "G11": 0.001278028742308379
  },
  "global_demand_shap_dhaka": {
    "G1": 77.7172607421875,
    "G2": 77.41254081726075,
    "G3": 2.2826942399144174,
    "G4": 101.2567527770996,
    "G5": 69.4518615603447,
    "G6": 162.33954467773438,
    "G7": 85.84384741783143,
    "G8": 23.146655225753783,
    "G9": 10.86901321709156,
    "G10": 91.4361575961113
  },
  "perm_spearman_demand": -0.34545454545454546,
  "perm_spearman_stress": 0.6273764344284781,
  "attention_adjacency_spearman": 0.42168875900219194,
  "mean_spatial": [
    [
      0.0,
      0.04361864924430847,
      0.049061715602874756,
      0.024998830631375313,
      0.04841434955596924,
      0.03645266219973564,
      0.04614972695708275,
      0.025227541103959084,
      0.726076602935791
    ],
    [
      0.11303254216909409,
      0.0,
      0.16771452128887177,
      0.16832445561885834,
      0.1507636457681656,
      0.12743890285491943,
      0.13575486838817596,
      0.0,
      0.1369711011648178
    ],
    [
      0.0860954001545906,
      0.16835446655750275,
      0.0,
      0.13274618983268738,
      0.1637280136346817,
      0.13247478008270264,
      0.15119287371635437,
      0.06566158682107925,
      0.0997467041015625
    ],
    [
      0.12019965052604675,
      0.19054900109767914,
      0.162812277674675,
      0.0,
      0.13575033843517303,
      0.1336006075143814,
      0.12719997763633728,
      0.0,
      0.1298881322145462
    ],
    [
      0.09216693043708801,
      0.1606353223323822,
      0.17594073712825775,
      0.12582077085971832,
      0.0,
      0.13376446068286896,
      0.15212644636631012,
      0.059857577085494995,
      0.09968774765729904
    ],
    [
      0.07711584866046906,
      0.1604641228914261,
      0.1629936695098877,
      0.11849859356880188,
      0.15073366463184357,
      0.0,
      0.1560518741607666,
      0.07228737324476242,
      0.1018548235297203
    ],
    [
      0.12032153457403183,
      0.15348811447620392,
      0.16912841796875,
      0.12559843063354492,
      0.16087502241134644,
      0.14084728062152863,
      0.0,
      0.0,
      0.12974117696285248
    ],
    [
      0.08749029785394669,
      0.0,
      0.2697775065898895,
      0.0,
      0.22309716045856476,
      0.30365613102912903,
      0.0,
      0.0,
      0.1159789189696312
    ],
    [
      0.7157929539680481,
      0.046152371913194656,
      0.048683807253837585,
      0.027537614107131958,
      0.04643213376402855,
      0.03719864413142204,
      0.04513013735413551,
      0.033072348684072495,
      0.0
    ]
  ],
  "mean_temporal_alpha": [
    0.1622404009103775,
    0.14047054946422577,
    0.1374974250793457,
    0.14587685465812683,
    0.13563324511051178,
    0.13481782376766205,
    0.14346371591091156
  ],
  "node_mass_mean": {
    "Barishal": 6.990674714247386,
    "Chattogram": 6.206650157769521,
    "Cumilla": 18.039862195650738,
    "Dhaka": 340.3561363220215,
    "Khulna": 108.91391213734944,
    "Mymensingh": 93.83879085381825,
    "Rajshahi": 110.31708963712056,
    "Rangpur": 1.98840353017052,
    "Sylhet": 9.184289534886679
  },
  "regional_phi": {
    "Barishal": [
      24.121899700164796,
      29.06953125,
      1.1016118660569192,
      20.498026180267335,
      15.598984050750733,
      7.845653820037842,
      13.272732549905777,
      0.5668575167655945,
      1.1862548053264619,
      7.144527357816696
    ],
    "Chattogram": [
      19.291712379455568,
      43.16297950744629,
      4.603650200366974,
      28.684658241271972,
      40.1540424823761,
      22.105872631072998,
      31.5075745344162,
      6.501289200782776,
      4.0502328157424925,
      19.734589862823487
    ],
    "Cumilla": [
      34.51220512390137,
      58.651665115356444,
      8.636641931533813,
      49.642324447631836,
      33.77131099700928,
      18.314146518707275,
      33.93335582017899,
      6.6871809482574465,
      5.151880693435669,
      16.463036131858825
    ],
    "Dhaka": [
      81.46430358886718,
      85.07833938598633,
      2.6126516312360764,
      106.95408630371094,
      94.65425641536713,
      172.22767028808593,
      110.69954109191895,
      24.186792182922364,
      12.98354172706604,
      117.802401304245
    ],
    "Khulna": [
      26.449566078186034,
      24.52506880760193,
      0.624957150220871,
      41.27283973693848,
      9.631991040706634,
      33.395562934875485,
      21.388862657546998,
      6.9278261184692385,
      3.5304588615894317,
      52.51737294197083
    ],
    "Mymensingh": [
      30.068508434295655,
      43.96176643371582,
      5.53461687862873,
      40.69555149078369,
      18.950467419624328,
      32.80332489013672,
      33.11950297951698,
      4.129101943969727,
      3.2857602715492247,
      21.531221866607666
    ],
    "Rajshahi": [
      22.745201921463014,
      64.78679542541504,
      2.9535379827022554,
      42.37417411804199,
      8.839684224128723,
      20.133202648162843,
      31.0456593811512,
      7.255142879486084,
      6.147281217575073,
      19.38462629318237
    ],
    "Rangpur": [
      20.334931945800783,
      44.37778949737549,
      10.463345763087272,
      36.76026649475098,
      24.563959407806397,
      38.61944580078125,
      31.213872963190077,
      4.969760084152222,
      4.125659549236298,
      14.21250548362732
    ],
    "Sylhet": [
      19.335635280609132,
      39.13679542541504,
      4.403551748394966,
      29.39179859161377,
      15.747209882736206,
      6.056525659561157,
      16.18163928985596,
      2.7718855440616608,
      2.1303503215312958,
      3.386989438533783
    ]
  },
  "cases": [
    {
      "date": "2023-11-16",
      "split": "validation",
      "stratum": "high_osi",
      "osi": 0.5592247843742371,
      "demand_total": 10362.0,
      "demand_pred_dhaka": 4246.03466796875,
      "osi_pred": 0.3316076397895813,
      "top_demand_group": "G6",
      "top_stress_group": "G8",
      "osi_driver": "c2_reserve",
      "driver_agreement": false,
      "top_temporal_lags": [
        "t-6",
        "t-0",
        "t-5"
      ]
    },
    {
      "date": "2024-01-19",
      "split": "validation",
      "stratum": "high_osi",
      "osi": 0.5505136251449585,
      "demand_total": 9782.0,
      "demand_pred_dhaka": 3748.338134765625,
      "osi_pred": 0.4325428605079651,
      "top_demand_group": "G6",
      "top_stress_group": "G8",
      "osi_driver": "c3_limitation",
      "driver_agreement": true,
      "top_temporal_lags": [
        "t-0",
        "t-6",
        "t-4"
      ]
    },
    {
      "date": "2024-01-06",
      "split": "validation",
      "stratum": "high_osi",
      "osi": 0.4934953451156616,
      "demand_total": 8225.0,
      "demand_pred_dhaka": 3655.862548828125,
      "osi_pred": 0.40924519300460815,
      "top_demand_group": "G6",
      "top_stress_group": "G8",
      "osi_driver": "c3_limitation",
      "driver_agreement": true,
      "top_temporal_lags": [
        "t-0",
        "t-1",
        "t-6"
      ]
    },
    {
      "date": "2024-01-18",
      "split": "validation",
      "stratum": "high_osi",
      "osi": 0.48282670974731445,
      "demand_total": 9061.0,
      "demand_pred_dhaka": 3925.65283203125,
      "osi_pred": 0.4224051535129547,
      "top_demand_group": "G6",
      "top_stress_group": "G8",
      "osi_driver": "c3_limitation",
      "driver_agreement": true,
      "top_temporal_lags": [
        "t-6",
        "t-3",
        "t-5"
      ]
    },
    {
      "date": "2023-12-31",