{
  "demand_mae": 55.48662185668945,
  "stress_mae": 0.04718824848532677,
  "stress_r2": 0.3052782416343689,
  "osi_pred_std": 0.04220304365383551
}