{
  "demand_mae": 62.78079605102539,
  "stress_mae": 0.02986243925988674,
  "stress_r2": 0.6837286949157715
}