benchmark_id,model_name,split,demand_mae,demand_rmse,demand_mape,demand_r2,stress_mae,stress_rmse,stress_r2
B01,Linear Regression,test,247.7912139892578,597.0137939453125,17.3242130279541,0.7697077989578247,0.10735838860273361,0.15733766555786133,-1.824263572692871
B02,Random Forest,test,97.0264393939394,156.99033143486633,7.037396826418724,0.9840758475025273,0.04812140861780129,0.06242767923873729,0.5553746119691134
B03,XGBoost,test,109.72692108154297,178.52688598632812,7.994624137878418,0.9794070720672607,0.04966834932565689,0.0645579844713211,0.5245117545127869
B04,LSTM,test,237.02777099609375,278.6688232421875,14.34518051147461,-0.24154196845160592,0.0861155167222023,0.10217111557722092,-0.1909571886062622
B05,GRU,test,233.48269653320312,274.39495849609375,14.127288818359375,-0.2014006707403395,0.08631294220685959,0.10317329317331314,-0.21443557739257812
B06,T-GCN,test,257.2134704589844,301.0613098144531,15.721834182739258,-0.48319545057084823,0.08914753049612045,0.10691837966442108,-0.3042013645172119
B07,PF-STGT (W20),test,93.30838775634766,128.80889892578125,6.759908199310303,0.6742769877115885,0.049933258444070816,0.06032227352261543,0.5848593711853027
