{
  "demand_mae": 61.041748046875,
  "stress_mae": 0.7033764719963074,
  "stress_r2": -115.4882583618164,
  "osi_pred_std": 0.0
}