{
  "demand_mae": 62.92163848876953,
  "stress_mae": 0.023134388029575348,
  "stress_r2": 0.7691959142684937
}