{
  "loss_total": 56.24916500515408,
  "demand_mae": 56.670841217041016,
  "stress_mae": 0.2966236174106598
}