{
  "demand_mae": 64.30319213867188,
  "stress_mae": 0.024971725419163704,
  "stress_r2": 0.735467791557312
}