{
  "demand_mae": 60.33502960205078,
  "stress_mae": 0.0439353846013546,
  "stress_r2": 0.38932710886001587,
  "osi_pred_std": 0.06943609303692581
}