group_id,mean_delta,std_delta,task,baseline_score
G2,1.95548000,0.92785876,demand,69.22538328
G3,1.01264257,0.09859671,demand,69.22538328
G1,0.64898796,0.75605858,demand,69.22538328
G5,0.64183054,0.54726516,demand,69.22538328
G8,0.59871101,0.17630319,demand,69.22538328
G10,0.42271767,0.37026431,demand,69.22538328
G7,0.29388847,0.25170508,demand,69.22538328
G9,0.26773748,0.22260667,demand,69.22538328
G6,0.07723656,0.09479042,demand,69.22538328
G4,0.01289043,0.02578087,demand,69.22538328