group_id,mean_delta,std_delta,task,baseline_score
G8,0.00005239,0.00002797,stress,0.00084171
G5,0.00000911,0.00001264,stress,0.00084171
G6,0.00000061,0.00000075,stress,0.00084171
G1,0.00000000,0.00000000,stress,0.00084171
G3,0.00000000,0.00000000,stress,0.00084171
G7,0.00000000,0.00000000,stress,0.00084171
G10,0.00000000,0.00000000,stress,0.00084171
G11,0.00000000,0.00000000,stress,0.00084171