group_id,mean_delta,std_delta,task,baseline_score
G8,0.00003801,0.00002156,stress,0.00084171
G5,0.00001677,0.00000883,stress,0.00084171
G6,0.00000279,0.00000236,stress,0.00084171
G11,0.00000041,0.00000082,stress,0.00084171
G1,0.00000005,0.00000010,stress,0.00084171
G3,0.00000000,0.00000000,stress,0.00084171
G7,0.00000000,0.00000000,stress,0.00084171
G10,0.00000000,0.00000000,stress,0.00084171