{
  "demand_mae": 57.97760772705078,
  "stress_mae": 0.2966236174106598,
  "stress_r2": -20.53873634338379
}