{
  "demand_mae": 61.64499282836914,
  "stress_mae": 0.032051246613264084,
  "stress_r2": 0.6373251676559448,
  "osi_pred_std": 0.0674342486137329
}