{
  "demand_mae": 65.3871078491211,
  "stress_mae": 0.029914885759353638,
  "stress_r2": 0.6902050375938416
}