{
  "demand_mae": 57.80693054199219,
  "stress_mae": 0.026614179834723473,
  "stress_r2": 0.7207412719726562
}